Name,Type1,Type2,Generation,Legendary,Minimum Level,Evolve from,Evolve into,Evolve Into (2),Evolve Into (3),,,,
Bulbasaur,Grass,Poison,1,FALSE,1,,Ivysaur,,,,,,
Ivysaur,Grass,Poison,1,FALSE,16,Bulbasaur,Venusaur,,,,,,
Venusaur,Grass,Poison,1,FALSE,32,Ivysaur,Venusaur_Mega,,,,,,
Venusaur_Mega,Grass,Poison,6,MEGA,47,Venusaur,,,,,,,
Charmander,Fire,,1,FALSE,1,,Charmeleon,,,,,,
Charmeleon,Fire,,1,FALSE,16,Charmander,Charizard,,,,,,
Charizard,Fire,Flying,1,FALSE,36,Charmeleon,Charazard_Mega_X,Charizard_Mega_Y,,,,,
Charizard_Mega_X,Fire,Dragon,6,MEGA,51,Charizard,,,,,,,
Charizard_Mega_Y,Fire,Flying,6,MEGA,51,Charizard,,,,,,,
Squirtle,Water,,1,FALSE,1,,Wartortle,,,,,,
Wartortle,Water,,1,FALSE,16,Squirtle,Blastoise,,,,,,
Blastoise,Water,,1,FALSE,36,Wartortle,Blastoise_Mega,,,,,,
Blastoise_Mega,Water,,6,MEGA,51,Blastoise,,,,,,,
Caterpie,Bug,,1,FALSE,1,,Metapod,,,,,,
Metapod,Bug,,1,FALSE,7,Caterpie,Butterfree,,,,,,
Butterfree,Bug,Flying,1,FALSE,10,Metapod,,,,,,,
Weedle,Bug,Poison,1,FALSE,1,,Kakuna,,,,,,
Kakuna,Bug,Poison,1,FALSE,7,Weedle,Beedrill,,,,,,
Beedrill,Bug,Poison,1,FALSE,10,Kakuna,Beedrill_Mega,,,,,,
Beedrill_Mega,Bug,Poison,6,MEGA,40,Beedrill,,,,,,,
Pidgey,Normal,Flying,1,FALSE,1,,Pidgeotto,,,,,,
Pidgeotto,Normal,Flying,1,FALSE,18,Pidgey,Pidgeot,,,,,,
Pidgeot,Normal,Flying,1,FALSE,36,Pidgeotto,Pidgeot_Mega,,,,,,
Pidgeot_Mega,Normal,Flying,6,MEGA,51,Pidgeot,,,,,,,
Rattata,Normal,,1,FALSE,1,,Ratticate,,,,,,
Rattata_Alolan,Dark,Normal,7,FALSE,1,,Ratticate_Alolan,,,,,,
Raticate,Normal,,1,FALSE,20,Rattata,,,,,,,
Raticate_Alolan,Dark,Normal,7,FALSE,20,Rattata_Alolan,,,,,,,
Spearow,Normal,Flying,1,FALSE,1,,Fearow,,,,,,
Fearow,Normal,Flying,1,FALSE,20,Spearow,,,,,,,
Ekans,Poison,,1,FALSE,1,,Arbok,,,,,,
Arbok,Poison,,1,FALSE,22,Ekans,,,,,,,
Pikachu,Electric,,1,FALSE,10,Pichu,Raichu,Raichu_Alolan,,,,,
Raichu,Electric,,1,FALSE,20,Pikachu,,,,,,,
Raichu_Alolan,Electric,Psychic,7,FALSE,20,Pikachu,,,,,,,
Sandshrew,Ground,,1,FALSE,1,,Sandslash,,,,,,
Sandshrew_Alolan,Ice,Steel,7,FALSE,1,,Sandslash_Alolan,,,,,,
Sandslash,Ground,,1,FALSE,22,Sandshrew,,,,,,,
Sandslash_Alolan,Ice,Steel,7,FALSE,22,Sandshrew_Alolan,,,,,,,
Nidoran_F,Poison,,1,FALSE,1,,Nidorina,,,,,,
Nidorina,Poison,,1,FALSE,16,Nidoran_F,Nidoqueen,,,,,,
Nidoqueen,Poison,Ground,1,FALSE,26,Nidorina,,,,,,,
Nidoran_M,Poison,,1,FALSE,1,,Nidorino,,,,,,
Nidorino,Poison,,1,FALSE,16,Nidoran_M,Nidoking,,,,,,
Nidoking,Poison,Ground,1,FALSE,26,Nidorino,,,,,,,
Clefairy,Fairy,,1,FALSE,10,Cleffa,Clefable,,,,,,
Clefable,Fairy,,1,FALSE,25,Clefairy,,,,,,,
Vulpix,Fire,,1,FALSE,1,,Ninetales,,,,,,
Vulpix_Alolan,Ice,,7,FALSE,1,,Ninetales_Alolan,,,,,,
Ninetales,Fire,,1,FALSE,25,Vulpix,,,,,,,
Ninetales_Alolan,Ice,Fairy,7,FALSE,25,Vulpix_Alolan,,,,,,,
Jigglypuff,Normal,Fairy,1,FALSE,10,Igglybuff,Wigglytuff,,,,,,
Wigglytuff,Normal,Fairy,1,FALSE,22,Jigglypuff,,,,,,,
Zubat,Poison,Flying,1,FALSE,1,,Golbat,,,,,,
Golbat,Poison,Flying,1,FALSE,22,Zubat,Crobat,,,,,,
Oddish,Grass,Poison,1,FALSE,1,,Gloom,,,,,,
Gloom,Grass,Poison,1,FALSE,21,Oddish,Vileplume,Bellosom,,,,,
Vileplume,Grass,Poison,1,FALSE,31,Gloom,,,,,,,
Paras,Bug,Grass,1,FALSE,1,,Parasect,,,,,,
Parasect,Bug,Grass,1,FALSE,24,Paras,,,,,,,
Venonat,Bug,Poison,1,FALSE,1,,Venomoth,,,,,,
Venomoth,Bug,Poison,1,FALSE,31,Venonat,,,,,,,
Diglett,Ground,,1,FALSE,1,,Dugtrio,,,,,,
Diglett_Alolan,Ground,Steel,7,FALSE,1,,Dugtrio_Alolan,,,,,,
Dugtrio,Ground,,1,FALSE,26,Diglett,,,,,,,
Dugtrio_Alolan,Ground,Steel,7,FALSE,26,Diglett_Alolan,,,,,,,
Meowth,Normal,,1,FALSE,1,,Persian,,,,,,
Meowth_Alolan,Dark,,7,FALSE,1,,Persian_Alolan,,,,,,
Meowth_Galarian,Steel,,8,FALSE,1,,Perrserker,,,,,,
Persian,Normal,,1,FALSE,28,Meowth,,,,,,,
Persian_Alolan,Dark,,7,FALSE,28,Meowth_Alolan,,,,,,,
Psyduck,Water,,1,FALSE,1,,Golduck,,,,,,
Golduck,Water,,1,FALSE,33,Psyduck,,,,,,,
Mankey,Fighting,,1,FALSE,1,,Primeape,,,,,,
Primeape,Fighting,,1,FALSE,28,Mankey,Annihilape,,,,,,
Growlithe,Fire,,1,FALSE,1,,Arcanine,,,,,,
Growlithe_Hisuian,Fire,Rock,8,FALSE,1,,Arcanine_Hisuian,,,,,,
Arcanine,Fire,,1,FALSE,20,Growlithe,,,,,,,
Arcanine_Hisuian,Fire,Rock,8,FALSE,20,Growlithe_Hisuian,,,,,,,
Poliwag,Water,,1,FALSE,1,,Poliwhirl,,,,,,
Poliwhirl,Water,,1,FALSE,25,Poliwag,Poliwrath,Politoed,,,,,
Poliwrath,Water,Fighting,1,FALSE,35,Poliwhirl,,,,,,,
Abra,Psychic,,1,FALSE,1,,Kadabra,,,,,,
Kadabra,Psychic,,1,FALSE,16,Abra,Alakazam,,,,,,
Alakazam,Psychic,,1,FALSE,26,Kadabra,Alakazam_Mega,,,,,,
Alakazam_Mega,Psychic,,6,MEGA,40,Alakazam,,,,,,,
Machop,Fighting,,1,FALSE,1,,Machoke,,,,,,
Machoke,Fighting,,1,FALSE,28,Machop,Machamp,,,,,,
Machamp,Fighting,,1,FALSE,38,Machoke,,,,,,,
Bellsprout,Grass,Poison,1,FALSE,1,,Weepinbell,,,,,,
Weepinbell,Grass,Poison,1,FALSE,21,Bellsprout,Victreebel,,,,,,
Victreebel,Grass,Poison,1,FALSE,31,Weepinbell,,,,,,,
Tentacool,Water,Poison,1,FALSE,1,,Tentacruel,,,,,,
Tentacruel,Water,Poison,1,FALSE,30,Tentacool,,,,,,,
Geodude,Rock,Ground,1,FALSE,1,,Graveler,,,,,,
Geodude_Alolan,Rock,Electric,7,FALSE,1,,Graveler_Alolan,,,,,,
Graveler,Rock,Ground,1,FALSE,25,Geodude,Golem,,,,,,
Graveler_Alolan,Rock,Electric,7,FALSE,25,Geodude_Alolan,Golem_Alolan,,,,,,
Golem,Rock,Ground,1,FALSE,35,Graveler,,,,,,,
Golem_Alolan,Rock,Electric,7,FALSE,35,Graveler_Alolan,,,,,,,
Ponyta,Fire,,1,FALSE,1,,Rapidash,,,,,,
Ponyta_Galarian,Psychic,,8,FALSE,1,,Rapidash_Galarian,,,,,,
Rapidash,Fire,,1,FALSE,40,Ponyta,,,,,,,
Rapidash_Galarian,Psychic,Fairy,8,FALSE,40,Ponyta_Galarian,,,,,,,
Slowpoke,Water,Psychic,1,FALSE,1,,Slowbro,Slowking,,,,,
Slowpoke_Galarian,Psychic,,8,FALSE,1,,Slowbro_Galarian,Slowking_Galarian,,,,,
Slowbro,Water,Psychic,1,FALSE,37,Slowpoke,Slowbro_Mega,,,,,,
Slowbro_Galarian,Psychic,Poison,8,FALSE,37,Slowpoke_Galarian,,,,,,,
Slowbro_Mega,Water,Psychic,6,MEGA,47,Slowbro,,,,,,,
Magnemite,Electric,Steel,1,FALSE,1,,Magneton,,,,,,
Magneton,Electric,Steel,1,FALSE,30,Magnemite,Magnezone,,,,,,
Farfetchd,Normal,Flying,1,FALSE,1,,,,,,,,
Farfetchd_Galarian,Fighting,,8,FALSE,1,,Sirfetchd,,,,,,
Doduo,Normal,Flying,1,FALSE,1,,Dodrio,,,,,,
Dodrio,Normal,Flying,1,FALSE,31,Doduo,,,,,,,
Seel,Water,,1,FALSE,1,,Dewgong,,,,,,
Dewgong,Water,Ice,1,FALSE,34,Seel,,,,,,,
Grimer,Poison,,1,FALSE,1,,Muk,,,,,,
Grimer_Alolan,Poison,Dark,7,FALSE,1,,Muk_Alolan,,,,,,
Muk,Poison,,1,FALSE,38,Grimer,,,,,,,
Muk_Alolan,Poison,Dark,7,FALSE,38,Grimer_Alolan,,,,,,,
Shellder,Water,,1,FALSE,1,,Cloyster,,,,,,
Cloyster,Water,Ice,1,FALSE,20,Shellder,,,,,,,
Gastly,Ghost,Poison,1,FALSE,1,,Haunter,,,,,,
Haunter,Ghost,Poison,1,FALSE,25,Gastly,Gengar,,,,,,
Gengar,Ghost,Poison,1,FALSE,35,Haunter,Gengar_Mega,,,,,,
Gengar_Mega,Ghost,Poison,6,MEGA,45,Gengar,,,,,,,
Onix,Rock,Ground,1,FALSE,1,,Steelix,,,,,,
Drowzee,Psychic,,1,FALSE,1,,Hypno,,,,,,
Hypno,Psychic,,1,FALSE,26,Drowzee,,,,,,,
Krabby,Water,,1,FALSE,1,,Kingler,,,,,,
Kingler,Water,,1,FALSE,28,Krabby,,,,,,,
Voltorb,Electric,,1,FALSE,1,,Electrode,,,,,,
Voltorb_Hisuian,Electric,Grass,8,FALSE,1,,Electrode_Hisuian,,,,,,
Electrode,Electric,,1,FALSE,30,Voltorb,,,,,,,
Electrode_Hisuian,Electric,Grass,8,FALSE,30,Voltorb_Hisuian,,,,,,,
Exeggcute,Grass,Psychic,1,FALSE,1,,Exeggutor,Exeggutor_Alolan,,,,,
Exeggutor,Grass,Psychic,1,FALSE,20,Exeggcute,,,,,,,
Exeggutor_Alolan,Grass,Dragon,7,,20,Exeggcute,,,,,,,
Cubone,Ground,,1,FALSE,1,,Marowak,Marowak_Alolan,,,,,
Marowak,Ground,,1,FALSE,28,Cubone,,,,,,,
Marowak_Alolan,Fire,Ghost,7,,28,Cubone,,,,,,,
Hitmonlee,Fighting,,1,FALSE,20,Tyrogue,,,,,,,
Hitmonchan,Fighting,,1,FALSE,20,Tyrogue,,,,,,,
Lickitung,Normal,,1,FALSE,1,,Lickilicky,,,,,,
Koffing,Poison,,1,FALSE,1,,Weezing,Weezing_Galarian,,,,,
Weezing,Poison,,1,FALSE,35,Koffing,,,,,,,
Weezing_Galarian,Poison,Fairy,8,FALSE,35,Koffing,,,,,,,
Rhyhorn,Ground,Rock,1,FALSE,1,,Rhydon,,,,,,
Rhydon,Ground,Rock,1,FALSE,42,Rhyhorn,Rhyperior,,,,,,
Chansey,Normal,,1,FALSE,10,Happiny,Blissey,,,,,,
Tangela,Grass,,1,FALSE,1,,Tangrowth,,,,,,
Kangaskhan,Normal,,1,FALSE,1,,Kangaskhan_Mega,,,,,,
Kangaskhan_Mega,Normal,,6,MEGA,40,Kangaskhan,,,,,,,
Horsea,Water,,1,FALSE,1,,Seadra,,,,,,
Seadra,Water,,1,FALSE,32,Horsea,Kingdra,,,,,,
Goldeen,Water,,1,FALSE,1,,Seaking,,,,,,
Seaking,Water,,1,FALSE,33,Goldeen,,,,,,,
Staryu,Water,,1,FALSE,1,,Starmie,,,,,,
Starmie,Water,Psychic,1,FALSE,20,Staryu,,,,,,,
Mr_Mime,Psychic,Fairy,1,FALSE,10,Mime_Jr,,,,,,,
Mr_Mime_Galarian,Ice,Psychic,8,FALSE,10,Mime_Jr,Mr_Rime,,,,,,
Scyther,Bug,Flying,1,FALSE,1,,Scizor,Kleavor,,,,,
Jynx,Ice,Psychic,1,FALSE,30,Smoochum,,,,,,,
Electabuzz,Electric,,1,FALSE,30,Elekid,Electivire,,,,,,
Magmar,Fire,,1,FALSE,30,Magby,Magmortar,,,,,,
Pinsir,Bug,,1,FALSE,1,,Pinsir_Mega,,,,,,
Pinsir_Mega,Bug,Flying,6,MEGA,40,Pinsir,,,,,,,
Tauros,Normal,,1,FALSE,1,,,,,,,,
TAUROS_PALDEAN_COMBAT_BREED,Fighting,,9,FALSE,1,,,,,,,,
TAUROS_PALDEAN_BLAZE_BREED,Fighting,Fire,9,FALSE,1,,,,,,,,
TAUROS_PALDEAN_AQUA_BREED,Fighting,Water,9,FALSE,1,,,,,,,,
Magikarp,Water,,1,FALSE,1,,Gyarados,,,,,,
Gyarados,Water,Flying,1,FALSE,20,Magikarp,Gyarados_Mega,,,,,,
Gyarados_Mega,Water,Dark,6,MEGA,35,Gyarados,,,,,,,
Lapras,Water,Ice,1,FALSE,1,,,,,,,,
Ditto,Normal,,1,FALSE,1,,,,,,,,
Eevee,Normal,,1,FALSE,1,Vaporeon,Jolteon,Flareon,Espeon,Umbreon,Leafeon,Glaceon,Sylveon
Vaporeon,Water,,1,FALSE,25,Eevee,,,,,,,
Jolteon,Electric,,1,FALSE,25,Eevee,,,,,,,
Flareon,Fire,,1,FALSE,25,Eevee,,,,,,,
Porygon,Normal,,1,FALSE,1,Porygon_2,,,,,,,
Omanyte,Rock,Water,1,FALSE,1,,Omastar,,,,,,
Omastar,Rock,Water,1,FALSE,40,Omanyte,,,,,,,
Kabuto,Rock,Water,1,FALSE,1,,Kabutops,,,,,,
Kabutops,Rock,Water,1,FALSE,40,Kabuto,,,,,,,
Aerodactyl,Rock,Flying,1,FALSE,1,,Aerodactyl_Mega,,,,,,
Aerodactyl_Mega,Rock,Flying,6,MEGA,40,Aerodactyl,,,,,,,
Snorlax,Normal,,1,FALSE,15,Munchlax,,,,,,,
Articuno,Ice,Flying,1,TRUE,1,,,,,,,,
Articuno_Galarian,Psycic,Flying,8,TRUE,1,,,,,,,,
Zapdos,Electric,Flying,1,TRUE,1,,,,,,,,
Zapdos_Galarian,Fighting,Flying,8,TRUE,1,,,,,,,,
Moltres,Fire,Flying,1,TRUE,1,,,,,,,,
Moltres_Galarian,Dark,Flying,8,TRUE,1,,,,,,,,
Dratini,Dragon,,1,FALSE,1,,Dragonair,,,,,,
Dragonair,Dragon,,1,FALSE,30,Dratini,Dragonite,,,,,,
Dragonite,Dragon,Flying,1,FALSE,55,Dragonair,,,,,,,
MewTwo,Psychic,,1,TRUE,1,,MewTwo_Mega_X,MewTwo_Mega_Y,,,,,
MewTwo_Mega_X,Psychic,Fighting,6,LegendMega,40,Mewtwo,,,,,,,
MewTwo_Mega_Y,Psychic,,6,LegendMega,40,Mewtwo,,,,,,,
Mew,Psychic,,1,TRUE,1,,,,,,,,
Chikorita,Grass,,2,FALSE,1,,Bayleaf,,,,,,
Bayleef,Grass,,2,FALSE,16,Chikorita,Meganium,,,,,,
Meganium,Grass,,2,FALSE,32,Bayleaf,,,,,,,
Cyndaquil,Fire,,2,FALSE,1,,Quilava,,,,,,
Quilava,Fire,,2,FALSE,14,Cyndaquill,Typhlosion,Typhlosion_Hisuian,,,,,
Typhlosion,Fire,,2,FALSE,36,Quilava,,,,,,,
Typhlosion_Hisuian,Fire,Ghost,8,FALSE,36,Quilava,,,,,,,
Totodile,Water,,2,FALSE,1,,Croconaw,,,,,,
Croconaw,Water,,2,FALSE,18,Totodile,Feraligatr,,,,,,
Feraligatr,Water,,2,FALSE,30,Croconaw,,,,,,,
Sentret,Normal,,2,FALSE,1,,Furret,,,,,,
Furret,Normal,,2,FALSE,15,Sentret,,,,,,,
Hoothoot,Normal,Flying,2,FALSE,1,,Noctowl,,,,,,
Noctowl,Normal,Flying,2,FALSE,20,Hoothoot,,,,,,,
Ledyba,Bug,Flying,2,FALSE,1,,Ledian,,,,,,
Ledian,Bug,Flying,2,FALSE,18,Ledyba,,,,,,,
Spinarak,Bug,Poison,2,FALSE,1,,Ariados,,,,,,
Ariados,Bug,Poison,2,FALSE,22,Spinarak,,,,,,,
Crobat,Poison,Flying,2,FALSE,33,Golbat,,,,,,,
Chinchou,Water,Electric,2,FALSE,1,,Lanturn,,,,,,
Lanturn,Water,Electric,2,FALSE,27,Chinchou,,,,,,,
Pichu,Electric,,2,FALSE,1,,Pikachu,,,,,,
Cleffa,Fairy,,2,FALSE,1,,Clefairy,,,,,,
Igglybuff,Normal,Fairy,2,FALSE,1,,Jigglypuff,,,,,,
Togepi,Fairy,,2,FALSE,1,,Togetic,,,,,,
Togetic,Fairy,Flying,2,FALSE,10,Togepi,Togekiss,,,,,,
Natu,Psychic,Flying,2,FALSE,1,,Xatu,,,,,,
Xatu,Psychic,Flying,2,FALSE,25,Natu,,,,,,,
Mareep,Electric,,2,FALSE,1,,Flaffy,,,,,,
Flaaffy,Electric,,2,FALSE,15,Mareep,Ampharos,,,,,,
Ampharos,Electric,,2,FALSE,30,Flaffy,Ampharos_Mega,,,,,,
Ampharos_Mega,Electric,Dragon,6,MEGA,40,Ampharos,,,,,,,
Bellossom,Grass,,2,FALSE,31,Gloom,,,,,,,
Marill,Water,Fairy,2,FALSE,10,Azurill,Azumarilll,,,,,,
Azumarill,Water,Fairy,2,FALSE,18,Marill,,,,,,,
Sudowoodo,Rock,,2,FALSE,1,Bonsly,,,,,,,
Politoed,Water,,2,FALSE,35,Poliwhirl,,,,,,,
Hoppip,Grass,Flying,2,FALSE,1,,Skiploom,,,,,,
Skiploom,Grass,Flying,2,FALSE,18,Hoppip,Jumpluff,,,,,,
Jumpluff,Grass,Flying,2,FALSE,27,Skiploom,,,,,,,
Aipom,Normal,,2,FALSE,1,,Ambipom,,,,,,
Sunkern,Grass,,2,FALSE,1,,Sunflora,,,,,,
Sunflora,Grass,,2,FALSE,15,Sunkern,,,,,,,
Yanma,Bug,Flying,2,FALSE,1,,Yanmega,,,,,,
Wooper,Water,Ground,2,FALSE,1,,Quagsire,,,,,,
WOOPER_PALDEAN,Poison,Ground,9,FALSE,1,,Clodsire,,,,,,
Quagsire,Water,Ground,2,FALSE,20,Wooper,,,,,,,
Espeon,Psychic,,2,FALSE,25,Eevee,,,,,,,
Umbreon,Dark,,2,FALSE,25,Eevee,,,,,,,
Murkrow,Dark,Flying,2,FALSE,1,,Honchkrow,,,,,,
Slowking,Water,Psychic,2,FALSE,37,Slowpoke,,,,,,,
Slowking_Galarian,Poison,Psychic,8,FALSE,37,Slowpoke_Galarian,,,,,,,
Misdreavus,Ghost,,2,FALSE,1,,Mismagius,,,,,,
Unown,Psychic,,2,FALSE,1,,,,,,,,
Wobbuffet,Psychic,,2,FALSE,15,Wynaut,,,,,,,
Girafarig,Normal,Psychic,2,FALSE,1,,Farigiraf,,,,,,
Pineco,Bug,,2,FALSE,1,,Forretress,,,,,,
Forretress,Bug,Steel,2,FALSE,31,Pineco,,,,,,,
Dunsparce,Normal,,2,FALSE,1,,Dudunsparce,,,,,,
Gligar,Ground,Flying,2,FALSE,1,,Gliscor,,,,,,
Steelix,Steel,Ground,2,FALSE,30,Onix,Steelix_Mega,,,,,,
Steelix_Mega,Steel,Rock,6,MEGA,40,Steelix,,,,,,,
Snubbull,Fairy,,2,FALSE,1,,Granbull,,,,,,
Granbull,Fairy,,2,FALSE,23,Snubbull,,,,,,,
Qwilfish,Water,Poison,2,FALSE,1,,,,,,,,
Qwilfish_Hisuian,Dark,Poison,8,FALSE,1,,Overqwil,,,,,,
Scizor,Bug,Steel,2,FALSE,30,Scyther,Scizor_Mega,,,,,,
Scizor_Mega,Bug,Steel,6,MEGA,40,Scizor,,,,,,,
Shuckle,Bug,Rock,2,FALSE,1,,,,,,,,
Heracross,Bug,Fighting,2,FALSE,1,,Heracross_Mega,,,,,,
Heracross_Mega,Bug,Fighting,6,MEGA,40,Heracross,,,,,,,
Sneasel,Dark,Ice,2,FALSE,1,,Weavile,,,,,,
Sneasel_Hisuian,Fight,Poison,8,FALSE,1,,Sneasler,,,,,,
Teddiursa,Normal,,2,FALSE,1,,Ursaring,,,,,,
Ursaring,Normal,,2,FALSE,30,Teddiursa,Ursaluna,,,,,,
Slugma,Fire,,2,FALSE,1,,Magcargo,,,,,,
Magcargo,Fire,Rock,2,FALSE,38,Slugma,,,,,,,
Swinub,Ice,Ground,2,FALSE,1,,Piloswine,,,,,,
Piloswine,Ice,Ground,2,FALSE,33,Swinub,Mamoswine,,,,,,
Corsola,Water,Rock,2,FALSE,1,,,,,,,,
Corsola_Galarian,Ghost,,8,FALSE,1,,Cursola,,,,,,
Remoraid,Water,,2,FALSE,1,,Octillery,,,,,,
Octillery,Water,,2,FALSE,25,Remoraid,,,,,,,
Delibird,Ice,Flying,2,FALSE,1,,,,,,,,
Mantine,Water,Flying,2,FALSE,15,Mantyke,,,,,,,
Skarmory,Steel,Flying,2,FALSE,1,,,,,,,,
Houndour,Dark,Fire,2,FALSE,1,,Houndoom,,,,,,
Houndoom,Dark,Fire,2,FALSE,24,Houndour,Houndoom_Mega,,,,,,
Houndoom_Mega,Dark,Fire,6,MEGA,40,Houndoom,,,,,,,
Kingdra,Water,Dragon,2,FALSE,42,Seadra,,,,,,,
Phanpy,Ground,,2,FALSE,1,,Donphan,,,,,,
Donphan,Ground,,2,FALSE,25,Phanpy,,,,,,,
Porygon2,Normal,,2,FALSE,20,Porygon,,,,,,,
Stantler,Normal,,2,FALSE,1,,Wyrdeer,,,,,,
Smeargle,Normal,,2,FALSE,1,,,,,,,,
Tyrogue,Fighting,,2,FALSE,1,,Hitmonlee,Hitmonchan,Hitmontop,,,,
Hitmontop,Fighting,,2,FALSE,20,Tyrogue,,,,,,,
Smoochum,Ice,Psychic,2,FALSE,1,,Jynx,,,,,,
Elekid,Electric,,2,FALSE,1,,Electabuzz,,,,,,
Magby,Fire,,2,FALSE,1,,Magmar,,,,,,
Miltank,Normal,,2,FALSE,1,,,,,,,,
Blissey,Normal,,2,FALSE,25,Chansey,,,,,,,
Raikou,Electric,,2,TRUE,1,,,,,,,,
Entei,Fire,,2,TRUE,1,,,,,,,,
Suicune,Water,,2,TRUE,1,,,,,,,,
Larvitar,Rock,Ground,2,FALSE,1,,Pupitar,,,,,,
Pupitar,Rock,Ground,2,FALSE,30,Larvitar,Tyranitar,,,,,,
Tyranitar,Rock,Dark,2,FALSE,55,Pupitar,Tyranitar_Mega,,,,,,
Tyranitar_Mega,Rock,Dark,6,MEGA,65,Tyranitar,,,,,,,
Lugia,Psychic,Flying,2,TRUE,1,,,,,,,,
Ho_oh,Fire,Flying,2,TRUE,1,,,,,,,,
Celebi,Psychic,Grass,2,FALSE,1,,,,,,,,
Treecko,Grass,,3,FALSE,1,,Grovyle,,,,,,
Grovyle,Grass,,3,FALSE,16,Treeko,Sceptile,,,,,,
Sceptile,Grass,,3,FALSE,36,Grovyle,Sceptile_Mega,,,,,,
Sceptile_Mega,Grass,Dragon,6,MEGA,46,Sceptile,,,,,,,
Torchic,Fire,,3,FALSE,1,,Combusken,,,,,,
Combusken,Fire,Fighting,3,FALSE,16,Torchic,Blaziken,,,,,,
Blaziken,Fire,Fighting,3,FALSE,36,Combusken,Blaziken_Mega,,,,,,
Blaziken_Mega,Fire,Fighting,6,MEGA,46,Blaziken,,,,,,,
Mudkip,Water,,3,FALSE,1,,Marshtomp,,,,,,
Marshtomp,Water,Ground,3,FALSE,16,Mudkip,Swampert,,,,,,
Swampert,Water,Ground,3,FALSE,36,Marshtomp,Swampert_Mega,,,,,,
Swampert_Mega,Water,Ground,6,MEGA,46,Swampert,,,,,,,
Poochyena,Dark,,3,FALSE,1,,Mightyena,,,,,,
Mightyena,Dark,,3,FALSE,18,Poochyena,,,,,,,
Zigzagoon,Normal,,3,FALSE,1,,Linoone,,,,,,
Zigzagoon_Galarian,Dark,Normal,8,FALSE,1,,Linoone_Galarian,,,,,,
Linoone,Normal,,3,FALSE,20,Zigzagoon,,,,,,,
Linoone_Galarian,Dark,Normal,8,FALSE,20,Zigzagoon_Mega,Obstagoon,,,,,,
Wurmple,Bug,,3,FALSE,1,,Silcoon,Cascoon,,,,,
Silcoon,Bug,,3,FALSE,7,Wurmple,Beautifly,,,,,,
Beautifly,Bug,Flying,3,FALSE,10,Silcoon,,,,,,,
Cascoon,Bug,,3,FALSE,7,Wurmple,Dustox,,,,,,
Dustox,Bug,Poison,3,FALSE,10,Cascoon,,,,,,,
Lotad,Water,Grass,3,FALSE,1,,Lombre,,,,,,
Lombre,Water,Grass,3,FALSE,14,Lotad,Ludicolo,,,,,,
Ludicolo,Water,Grass,3,FALSE,30,Lombre,,,,,,,
Seedot,Grass,,3,FALSE,1,,Nuzleaf,,,,,,
Nuzleaf,Grass,Dark,3,FALSE,14,Seedot,Shiftry,,,,,,
Shiftry,Grass,Dark,3,FALSE,30,Nuzleaf,,,,,,,
Taillow,Normal,Flying,3,FALSE,1,,Swellow,,,,,,
Swellow,Normal,Flying,3,FALSE,22,Taillow,,,,,,,
Wingull,Water,Flying,3,FALSE,1,,Pelipper,,,,,,
Pelipper,Water,Flying,3,FALSE,25,Wingull,,,,,,,
Ralts,Psychic,Fairy,3,FALSE,1,,Kirila,,,,,,
Kirlia,Psychic,Fairy,3,FALSE,20,Ralts,Gardevoir,Gallade,,,,,
Gardevoir,Psychic,Fairy,3,FALSE,30,Kirila,Gardevoir_Mega,,,,,,
Gardevoir_Mega,Psychic,Fairy,6,MEGA,40,Gardevoir,,,,,,,
Surskit,Bug,Water,3,FALSE,1,,Masquerain,,,,,,
Masquerain,Bug,Flying,3,FALSE,22,Surskit,,,,,,,
Shroomish,Grass,,3,FALSE,1,,Breloom,,,,,,
Breloom,Grass,Fighting,3,FALSE,23,Shroomish,,,,,,,
Slakoth,Normal,,3,FALSE,1,,Vigoroth,,,,,,
Vigoroth,Normal,,3,FALSE,18,Slakoth,Slaking,,,,,,
Slaking,Normal,,3,FALSE,36,Vigoroth,,,,,,,
Nincada,Bug,Ground,3,FALSE,1,,Ninjask,Shedinja,,,,,
Ninjask,Bug,Flying,3,FALSE,20,Nincada,,,,,,,
Shedinja,Bug,Ghost,3,FALSE,20,Nincada,,,,,,,
Whismur,Normal,,3,FALSE,1,,Loudred,,,,,,
Loudred,Normal,,3,FALSE,20,Whismur,Exploud,,,,,,
Exploud,Normal,,3,FALSE,40,Loudred,,,,,,,
Makuhita,Fighting,,3,FALSE,1,,Hariyama,,,,,,
Hariyama,Fighting,,3,FALSE,24,Makuhita,,,,,,,
Azurill,Normal,Fairy,3,FALSE,1,,Marill,,,,,,
Nosepass,Rock,,3,FALSE,1,,Probopass,,,,,,
Skitty,Normal,,3,FALSE,1,,Delcatty,,,,,,
Delcatty,Normal,,3,FALSE,20,Skitty,,,,,,,
Sableye,Dark,Ghost,3,FALSE,1,,Sableye_Mega,,,,,,
Sableye_Mega,Dark,Ghost,6,MEGA,40,Sabeleye,,,,,,,
Mawile,Steel,Fairy,3,FALSE,1,,Mawile_Mega,,,,,,
Mawile_Mega,Steel,Fairy,6,MEGA,40,Mawile,,,,,,,
Aron,Steel,Rock,3,FALSE,1,,Lairon,,,,,,
Lairon,Steel,Rock,3,FALSE,32,Aron,Aggron,,,,,,
Aggron,Steel,Rock,3,FALSE,42,Lairon,Aggron_Mega,,,,,,
Aggron_Mega,Steel,,6,MEGA,52,Aggron,,,,,,,
Meditite,Fighting,Psychic,3,FALSE,1,,Medicham,,,,,,
Medicham,Fighting,Psychic,3,FALSE,37,Meditite,Medicham_Mega,,,,,,
Medicham_Mega,Fighting,Psychic,6,MEGA,47,Medicham,,,,,,,
Electrike,Electric,,3,FALSE,1,,Manectric,,,,,,
Manectric,Electric,,3,FALSE,26,Electrike,Manectric_Mega,,,,,,
Manectric_Mega,Electric,,6,MEGA,40,Manectric,,,,,,,
Plusle,Electric,,3,FALSE,1,,,,,,,,
Minun,Electric,,3,FALSE,1,,,,,,,,
Volbeat,Bug,,3,FALSE,1,,,,,,,,
Illumise,Bug,,3,FALSE,1,,,,,,,,
Roselia,Grass,Poison,3,FALSE,10,Budew,Roserade,,,,,,
Gulpin,Poison,,3,FALSE,1,,Swalot,,,,,,
Swalot,Poison,,3,FALSE,26,Gulpin,,,,,,,
Carvanha,Water,Dark,3,FALSE,1,,Sharpedo,,,,,,
Sharpedo,Water,Dark,3,FALSE,30,Carvanha,Sharpedo_Mega,,,,,,
Sharpedo_Mega,Water,Dark,6,MEGA,40,Sharpedo,,,,,,,
Wailmer,Water,,3,FALSE,1,,Wailord,,,,,,
Wailord,Water,,3,FALSE,40,Wailmer,,,,,,,
Numel,Fire,Ground,3,FALSE,1,,Camerupt,,,,,,
Camerupt,Fire,Ground,3,FALSE,33,Numel,Camerupt_Mega,,,,,,
Camerupt_Mega,Fire,Ground,6,MEGA,43,Camerupt,,,,,,,
Torkoal,Fire,,3,FALSE,1,,,,,,,,
Spoink,Psychic,,3,FALSE,1,,Grumpig,,,,,,
Grumpig,Psychic,,3,FALSE,32,Spoink,,,,,,,
Spinda,Normal,,3,FALSE,1,,,,,,,,
Trapinch,Ground,,3,FALSE,1,,Vibrava,,,,,,
Vibrava,Ground,Dragon,3,FALSE,35,Trapinch,Flygon,,,,,,
Flygon,Ground,Dragon,3,FALSE,45,Vibrava,,,,,,,
Cacnea,Grass,,3,FALSE,1,,Cacturne,,,,,,
Cacturne,Grass,Dark,3,FALSE,32,Cacnea,,,,,,,
Swablu,Normal,Flying,3,FALSE,1,,Altaria,,,,,,
Altaria,Dragon,Flying,3,FALSE,35,Swablu,Altaria_Mega,,,,,,
Altaria_Mega,Dragon,Fairy,6,MEGA,45,Altaria,,,,,,,
Zangoose,Normal,,3,FALSE,1,,,,,,,,
Seviper,Poison,,3,FALSE,1,,,,,,,,
Lunatone,Rock,Psychic,3,FALSE,1,,,,,,,,
Solrock,Rock,Psychic,3,FALSE,1,,,,,,,,
Barboach,Water,Ground,3,FALSE,1,,Whiscash,,,,,,
Whiscash,Water,Ground,3,FALSE,30,Barboach,,,,,,,
Corphish,Water,,3,FALSE,1,,Crawdaunt,,,,,,
Crawdaunt,Water,Dark,3,FALSE,30,Corphish,,,,,,,
Baltoy,Ground,Psychic,3,FALSE,1,,Claydol,,,,,,
Claydol,Ground,Psychic,3,FALSE,36,Baltoy,,,,,,,
Lileep,Rock,Grass,3,FALSE,1,,Cradily,,,,,,
Cradily,Rock,Grass,3,FALSE,40,Lileep,,,,,,,
Anorith,Rock,Bug,3,FALSE,1,,Armaldo,,,,,,
Armaldo,Rock,Bug,3,FALSE,40,Anorith,,,,,,,
Feebas,Water,,3,FALSE,1,,Milotic,,,,,,
Milotic,Water,,3,FALSE,30,Feebas,,,,,,,
Castform,Normal,,3,FALSE,1,,,,,,,,
Kecleon,Normal,,3,FALSE,1,,,,,,,,
Shuppet,Ghost,,3,FALSE,1,,Banette,,,,,,
Banette,Ghost,,3,FALSE,37,Shuppet,Banette_Mega,,,,,,
Banette_Mega,Ghost,,6,MEGA,47,Banette,,,,,,,
Duskull,Ghost,,3,FALSE,1,,Dusclops,,,,,,
Dusclops,Ghost,,3,FALSE,37,Duskull,Dusknoir,,,,,,
Tropius,Grass,Flying,3,FALSE,1,,,,,,,,
Chimecho,Psychic,,3,FALSE,10,Chingling,,,,,,,
Absol,Dark,,3,FALSE,1,,Absol_Mega,,,,,,
Absol_Mega,Dark,,6,MEGA,40,Absol,,,,,,,
Wynaut,Psychic,,3,FALSE,1,,Wobbuffet,,,,,,
Snorunt,Ice,,3,FALSE,1,,Glalie,Froslass,,,,,
Glalie,Ice,,3,FALSE,42,Snorunt,Glalie_Mega,,,,,,
Glalie_Mega,Ice,,6,MEGA,52,Glalie,,,,,,,
Spheal,Ice,Water,3,FALSE,1,,Sealeo,,,,,,
Sealeo,Ice,Water,3,FALSE,32,Spheal,Walrein,,,,,,
Walrein,Ice,Water,3,FALSE,44,Sealeo,,,,,,,
Clamperl,Water,,3,FALSE,1,,Huntail,Gorebyss,,,,,
Huntail,Water,,3,FALSE,30,Clamperl,,,,,,,
Gorebyss,Water,,3,FALSE,30,Clamperl,,,,,,,
Relicanth,Water,Rock,3,FALSE,1,,,,,,,,
Luvdisc,Water,,3,FALSE,1,,,,,,,,
Bagon,Dragon,,3,FALSE,1,,Shelgon,,,,,,
Shelgon,Dragon,,3,FALSE,30,Bagon,Salamence,,,,,,
Salamence,Dragon,Flying,3,FALSE,50,Shelgon,Salamence_Mega,,,,,,
Salamence_Mega,Dragon,Flying,6,MEGA,60,Salamence,,,,,,,
Beldum,Steel,Psychic,3,FALSE,1,,Metang,,,,,,
Metang,Steel,Psychic,3,FALSE,20,Beldum,Metagross,,,,,,
Metagross,Steel,Psychic,3,FALSE,45,Metang,Metagross_Mega,,,,,,
Metagross_Mega,Steel,Psychic,6,MEGA,55,Metagross,,,,,,,
Regirock,Rock,,3,TRUE,1,,,,,,,,
Regice,Ice,,3,TRUE,1,,,,,,,,
Registeel,Steel,,3,TRUE,1,,,,,,,,
Latias,Dragon,Psychic,3,TRUE,1,,Latias_Mega,,,,,,
Latias_Mega,Dragon,Psychic,6,LegendMega,40,Latias,,,,,,,
Latios,Dragon,Psychic,3,TRUE,1,,Latios_Mega,,,,,,
Latios_Mega,Dragon,Psychic,6,LegendMega,40,Latios,,,,,,,
Kyogre,Water,,3,TRUE,1,,Kyogre_Primal,,,,,,
Kyogre_Primal,Water,,6,LegendMega,40,Kyogre,,,,,,,
Groudon,Ground,,3,TRUE,1,,Groudon_Primal,,,,,,
Groudon_Primal,Ground,Fire,6,LegendMega,40,Groudon,,,,,,,
Rayquaza,Dragon,Flying,3,TRUE,1,,Rayquaza_Mega,,,,,,
Rayquaza_Mega,Dragon,Flying,6,LegendMega,40,Rayquaza,,,,,,,
Jirachi,Steel,Psychic,3,TRUE,1,,,,,,,,
Deoxys,Psychic,,3,TRUE,1,,,,,,,,
Turtwig,Grass,,4,FALSE,1,,Grotle,,,,,,
Grotle,Grass,,4,FALSE,18,Turtwig,Torterra,,,,,,
Torterra,Grass,Ground,4,FALSE,32,Grotle,,,,,,,
Chimchar,Fire,,4,FALSE,1,,Monferno,,,,,,
Monferno,Fire,Fighting,4,FALSE,14,Chimchar,Infernape,,,,,,
Infernape,Fire,Fighting,4,FALSE,36,Monferno,,,,,,,
Piplup,Water,,4,FALSE,1,,Prinplup,,,,,,
Prinplup,Water,,4,FALSE,16,Piplup,Empoleon,,,,,,
Empoleon,Water,Steel,4,FALSE,36,Prinplup,,,,,,,
Starly,Normal,Flying,4,FALSE,1,,Staravia,,,,,,
Staravia,Normal,Flying,4,FALSE,14,Starly,Staraptor,,,,,,
Staraptor,Normal,Flying,4,FALSE,34,Staravia,,,,,,,
Bidoof,Normal,,4,FALSE,1,,Bibarel,,,,,,
Bibarel,Normal,Water,4,FALSE,15,Bidoof,,,,,,,
Kricketot,Bug,,4,FALSE,1,,Kricketune,,,,,,
Kricketune,Bug,,4,FALSE,10,Kricketot,,,,,,,
Shinx,Electric,,4,FALSE,1,,Luxio,,,,,,
Luxio,Electric,,4,FALSE,15,Shinx,Luxray,,,,,,
Luxray,Electric,,4,FALSE,30,Luxio,,,,,,,
Budew,Grass,Poison,4,FALSE,1,,Roselia,,,,,,
Roserade,Grass,Poison,4,FALSE,25,Roselia,,,,,,,
Cranidos,Rock,,4,FALSE,1,,Rampardos,,,,,,
Rampardos,Rock,,4,FALSE,30,Cranidos,,,,,,,
Shieldon,Rock,Steel,4,FALSE,1,,Bastiodon,,,,,,
Bastiodon,Rock,Steel,4,FALSE,30,Shieldon,,,,,,,
Burmy,Bug,,4,FALSE,1,,Mothim,Wormadam,,,,,
Wormadam,Bug,Grass,4,FALSE,20,Burmy,,,,,,,
Mothim,Bug,Flying,4,FALSE,20,Burmy,,,,,,,
Combee,Bug,Flying,4,FALSE,1,,Vespiquen,,,,,,
Vespiquen,Bug,Flying,4,FALSE,21,Combee,,,,,,,
Pachirisu,Electric,,4,FALSE,1,,,,,,,,
Buizel,Water,,4,FALSE,1,,Floatzel,,,,,,
Floatzel,Water,,4,FALSE,26,Buizel,,,,,,,
Cherubi,Grass,,4,FALSE,1,,Cherrim,,,,,,
Cherrim,Grass,,4,FALSE,25,Cherubi,,,,,,,
Shellos,Water,,4,FALSE,1,,Gastrodon,,,,,,
Gastrodon,Water,Ground,4,FALSE,30,Shellos,,,,,,,
Ambipom,Normal,,4,FALSE,32,Aipom,,,,,,,
Drifloon,Ghost,Flying,4,FALSE,1,,Drifblim,,,,,,
Drifblim,Ghost,Flying,4,FALSE,28,Drifloon,,,,,,,
Buneary,Normal,,4,FALSE,1,,Lopunny,,,,,,
Lopunny,Normal,,4,FALSE,20,Buneary,,,,,,,
Mismagius,Ghost,,4,FALSE,20,Misdreavus,,,,,,,
Honchkrow,Dark,Flying,4,FALSE,20,Murkrow,,,,,,,
Glameow,Normal,,4,FALSE,1,,Purugly,,,,,,
Purugly,Normal,,4,FALSE,38,Glameow,,,,,,,
Chingling,Psychic,,4,FALSE,1,,Chimecho,,,,,,
Stunky,Poison,Dark,4,FALSE,1,,Skuntank,,,,,,
Skuntank,Poison,Dark,4,FALSE,34,Stunky,,,,,,,
Bronzor,Steel,Psychic,4,FALSE,1,,Bronzong,,,,,,
Bronzong,Steel,Psychic,4,FALSE,33,Bronzor,,,,,,,
Bonsly,Rock,,4,FALSE,1,,Sudowoodo,,,,,,
Mime_Jr,Psychic,Fairy,4,FALSE,1,,Mr_Mime,Mr_Mime_Galarian,,,,,
Happiny,Normal,,4,FALSE,1,,Chansey,,,,,,
Chatot,Normal,Flying,4,FALSE,1,,,,,,,,
Spiritomb,Ghost,Dark,4,FALSE,1,,,,,,,,
Gible,Dragon,Ground,4,FALSE,1,,Gabite,,,,,,
Gabite,Dragon,Ground,4,FALSE,24,Gible,Garchomp,,,,,,
Garchomp,Dragon,Ground,4,FALSE,48,Gabite,Garchomp_Mega,,,,,,
Garchomp_Mega,Dragon,Ground,6,MEGA,58,Garchomp,,,,,,,
Munchlax,Normal,,4,FALSE,1,,Snorlax,,,,,,
Riolu,Fighting,,4,FALSE,1,,Lucario,,,,,,
Lucario,Fighting,Steel,4,FALSE,20,Riolu,Lucario_Mega,,,,,,
Lucario_Mega,Fighting,Steel,6,MEGA,40,Lucario,,,,,,,
Hippopotas,Ground,,4,FALSE,1,,Hippowdon,,,,,,
Hippowdon,Ground,,4,FALSE,34,Hippopotas,,,,,,,
Skorupi,Poison,Bug,4,FALSE,1,,Drapion,,,,,,
Drapion,Poison,Dark,4,FALSE,40,Skorupi,,,,,,,
Croagunk,Poison,Fighting,4,FALSE,1,,Toxicroak,,,,,,
Toxicroak,Poison,Fighting,4,FALSE,37,Croagunk,,,,,,,
Carnivine,Grass,,4,FALSE,1,,,,,,,,
Finneon,Water,,4,FALSE,1,,Lumineon,,,,,,
Lumineon,Water,,4,FALSE,31,Finneon,,,,,,,
Mantyke,Water,Flying,4,FALSE,1,,Mantine,,,,,,
Snover,Grass,Ice,4,FALSE,1,,Abomasnow,,,,,,
Abomasnow,Grass,Ice,4,FALSE,40,Snover,Abomasnow_Mega,,,,,,
Abomasnow_Mega,Grass,Ice,6,MEGA,50,Abomasnow,,,,,,,
Weavile,Dark,Ice,4,FALSE,25,Sneasel,,,,,,,
Magnezone,Electric,Steel,4,FALSE,40,Magneton,,,,,,,
Lickilicky,Normal,,4,FALSE,33,Lickilicky,,,,,,,
Rhyperior,Ground,Rock,4,FALSE,52,Rhydon,,,,,,,
Tangrowth,Grass,,4,FALSE,24,Tangela,,,,,,,
Electivire,Electric,,4,FALSE,40,Electabuzz,,,,,,,
Magmortar,Fire,,4,FALSE,40,Magmar,,,,,,,
Togekiss,Fairy,Flying,4,FALSE,30,Togetic,,,,,,,
Yanmega,Bug,Flying,4,FALSE,33,Yanma,,,,,,,
Leafeon,Grass,,4,FALSE,25,Eevee,,,,,,,
Glaceon,Ice,,4,FALSE,25,Eevee,,,,,,,
Gliscor,Ground,Flying,4,FALSE,25,Gligar,,,,,,,
Mamoswine,Ice,Ground,4,FALSE,43,Piloswine,,,,,,,
Porygon_Z,Normal,,4,FALSE,30,Porygon_2,,,,,,,
Gallade,Psychic,Fighting,4,FALSE,30,Kirlia,Gallade_Mega,,,,,,
Gallade_Mega,Psychic,Fighting,6,MEGA,40,Gallade,,,,,,,
Probopass,Rock,Steel,4,FALSE,25,Nosepass,,,,,,,
Dusknoir,Ghost,,4,FALSE,47,Dusclops,,,,,,,
Froslass,Ice,Ghost,4,FALSE,42,Snorunt,,,,,,,
Rotom,Electric,Ghost,4,FALSE,1,,,,,,,,
Uxie,Psychic,,4,TRUE,1,,,,,,,,
Mesprit,Psychic,,4,TRUE,1,,,,,,,,
Azelf,Psychic,,4,TRUE,1,,,,,,,,
Dialga,Steel,Dragon,4,TRUE,1,,,,,,,,
Dialga_Origin,Steel,Dragon,8,TRUE,1,,,,,,,,
Palkia,Water,Dragon,4,TRUE,1,,,,,,,,
Palkia_Origin,Water,Dragon,4,TRUE,1,,,,,,,,
Heatran,Fire,Steel,4,TRUE,1,,,,,,,,
Regigigas,Normal,,4,TRUE,1,,,,,,,,
Giratina,Ghost,Dragon,4,TRUE,1,,,,,,,,
Giratina_Origin,Ghost,Dragon,4,TRUE,1,,,,,,,,
Cresselia,Psychic,,4,TRUE,1,,,,,,,,
Phione,Water,,4,TRUE,1,,Manaphy,,,,,,
Manaphy,Water,,4,TRUE,20,Phione,,,,,,,
Darkrai,Dark,,4,TRUE,1,,,,,,,,
Shaymin,Grass,,4,TRUE,1,,,,,,,,
Shaymin_Sky,Grass,Flying,4,TRUE,1,,,,,,,,
Arceus,Normal,,4,TRUE,1,,,,,,,,
Victini,Psychic,Fire,5,TRUE,1,,,,,,,,
Snivy,Grass,,5,FALSE,1,,Servine,,,,,,
Servine,Grass,,5,FALSE,17,Snivy,Serperior,,,,,,
Serperior,Grass,,5,FALSE,36,Servine,,,,,,,
Tepig,Fire,,5,FALSE,1,,Pignite,,,,,,
Pignite,Fire,Fighting,5,FALSE,17,Tepig,Emboar,,,,,,
Emboar,Fire,Fighting,5,FALSE,36,Pignite,,,,,,,
Oshawott,Water,,5,FALSE,1,,Dewott,,,,,,
Dewott,Water,,5,FALSE,17,Oshawott,Samurott,Samurott_Hisuian,,,,,
Samurott,Water,,5,FALSE,36,Dewott,,,,,,,
Samurott_Hisuian,Water,Dark,8,FALSE,36,Dewott,,,,,,,
Patrat,Normal,,5,FALSE,1,,Watchog,,,,,,
Watchog,Normal,,5,FALSE,20,Patrat,,,,,,,
Lillipup,Normal,,5,FALSE,1,,Herdier,,,,,,
Herdier,Normal,,5,FALSE,16,Lillipup,Stoutland,,,,,,
Stoutland,Normal,,5,FALSE,32,Herdier,,,,,,,
Purrloin,Dark,,5,FALSE,1,,Liepard,,,,,,
Liepard,Dark,,5,FALSE,20,Prrloin,,,,,,,
Pansage,Grass,,5,FALSE,1,,Simisage,,,,,,
Simisage,Grass,,5,FALSE,20,Pansage,,,,,,,
Pansear,Fire,,5,FALSE,1,,Simisear,,,,,,
Simisear,Fire,,5,FALSE,20,Pansear,,,,,,,
Panpour,Water,,5,FALSE,1,,Simipour,,,,,,
Simipour,Water,,5,FALSE,20,Panpour,,,,,,,
Munna,Psychic,,5,FALSE,1,,Musharna,,,,,,
Musharna,Psychic,,5,FALSE,25,Munna,,,,,,,
Pidove,Normal,Flying,5,FALSE,1,,Tranquill,,,,,,
Tranquill,Normal,Flying,5,FALSE,21,Pidove,Unfezant,,,,,,
Unfezant,Normal,Flying,5,FALSE,32,Tranquill,,,,,,,
Blitzle,Electric,,5,FALSE,1,,Zebstrika,,,,,,
Zebstrika,Electric,,5,FALSE,27,Blitzle,,,,,,,
Roggenrola,Rock,,5,FALSE,1,,Boldore,,,,,,
Boldore,Rock,,5,FALSE,25,Roggenrola,Gigalith,,,,,,
Gigalith,Rock,,5,FALSE,35,Boldore,,,,,,,
Woobat,Psychic,Flying,5,FALSE,1,,Swoobat,,,,,,
Swoobat,Psychic,Flying,5,FALSE,20,Woobat,,,,,,,
Drilbur,Ground,,5,FALSE,1,,Excadrill,,,,,,
Excadrill,Ground,Steel,5,FALSE,31,Drillbur,,,,,,,
Audino,Normal,,5,FALSE,1,,Audino_Mega,,,,,,
Audino_Mega,Normal,Fairy,6,MEGA,40,Audino,,,,,,,
Timburr,Fighting,,5,FALSE,1,,Gurdurr,,,,,,
Gurdurr,Fighting,,5,FALSE,25,Timburr,Conkeldurr,,,,,,
Conkeldurr,Fighting,,5,FALSE,35,Gurdurr,,,,,,,
Tympole,Water,,5,FALSE,1,,Palpitoad,,,,,,
Palpitoad,Water,Ground,5,FALSE,25,Tympole,Seismitoad,,,,,,
Seismitoad,Water,Ground,5,FALSE,36,Palpitoad,,,,,,,
Throh,Fighting,,5,FALSE,1,,,,,,,,
Sawk,Fighting,,5,FALSE,1,,,,,,,,
Sewaddle,Bug,Grass,5,FALSE,1,,Swadloon,,,,,,
Swadloon,Bug,Grass,5,FALSE,20,Sewaddle,Leavanny,,,,,,
Leavanny,Bug,Grass,5,FALSE,30,Leavanny,,,,,,,
Venipede,Bug,Poison,5,FALSE,1,,Whirlipede,,,,,,
Whirlipede,Bug,Poison,5,FALSE,22,Venipede,Scolipede,,,,,,
Scolipede,Bug,Poison,5,FALSE,30,Whirlipede,,,,,,,
Cottonee,Grass,Fairy,5,FALSE,1,,Whimsicott,,,,,,
Whimsicott,Grass,Fairy,5,FALSE,25,Cottonee,,,,,,,
Petilil,Grass,,5,FALSE,1,,Liligant,Liligant_Hisuian,,,,,
Lilligant,Grass,,5,FALSE,30,Petilil,,,,,,,
Lilligant_Hisuian,Grass,Fighting,8,FALSE,30,Petilil,,,,,,,
Basculin,Water,,5,FALSE,1,,Basculegion,,,,,,
Sandile,Ground,Dark,5,FALSE,1,,Krokorok,,,,,,
Krokorok,Ground,Dark,5,FALSE,29,Sandile,Krookodile,,,,,,
Krookodile,Ground,Dark,5,FALSE,40,Krokorok,,,,,,,
Darumaka,Fire,,5,FALSE,1,,Darmanatan,,,,,,
Darumaka_Galarian,Ice,,8,FALSE,1,,Darmanatan_Galarian,,,,,,
Darmanitan,Fire,Psychic,5,FALSE,35,Darumaka,,,,,,,
Darmanitan_Galarian,Ice,Fire,8,FALSE,35,Darumaka_Galarian,,,,,,,
Maractus,Grass,,5,FALSE,1,,,,,,,,
Dwebble,Bug,Rock,5,FALSE,1,,Crustle,,,,,,
Crustle,Bug,Rock,5,FALSE,34,Dwebble,,,,,,,
Scraggy,Dark,Fighting,5,FALSE,1,,Scrafty,,,,,,
Scrafty,Dark,Fighting,5,FALSE,39,Scraggy,,,,,,,
Sigilyph,Psychic,Flying,5,FALSE,1,,,,,,,,
Yamask,Ghost,,5,FALSE,1,,,,,,,,
Yamask_Galarian,Ground,Ghost,8,FALSE,1,,Cofagrigus,,,,,,
Cofagrigus,Ghost,,5,FALSE,34,Yamask,,,,,,,
Tirtouga,Water,Rock,5,FALSE,1,,Carracosta,,,,,,
Carracosta,Water,Rock,5,FALSE,37,Tirtouga,,,,,,,
Archen,Rock,Flying,5,FALSE,1,,Archeops,,,,,,
Archeops,Rock,Flying,5,FALSE,37,Archen,,,,,,,
Trubbish,Poison,,5,FALSE,1,,Garbador,,,,,,
Garbodor,Poison,,5,FALSE,36,Trubbish,,,,,,,
Zorua,Dark,,5,FALSE,1,,Zoroark,,,,,,
Zorua_Hisuian,Normal,Ghost,8,FALSE,1,,Zoroark_Hisuian,,,,,,
Zoroark,Dark,,5,FALSE,30,Zorua,,,,,,,
Zoroark_Hisuian,Normal,Ghost,8,FALSE,30,Zorua_Hisuian,,,,,,,
Minccino,Normal,,5,FALSE,1,,Cinccino,,,,,,
Cinccino,Normal,,5,FALSE,20,Minccino,,,,,,,
Gothita,Psychic,,5,FALSE,1,,Gothorita,,,,,,
Gothorita,Psychic,,5,FALSE,32,Gothita,Gothitelle,,,,,,
Gothitelle,Psychic,,5,FALSE,41,Gothorita,,,,,,,
Solosis,Psychic,,5,FALSE,1,,Duosion,,,,,,
Duosion,Psychic,,5,FALSE,32,Solosis,Reuniclus,,,,,,
Reuniclus,Psychic,,5,FALSE,41,Duosion,,,,,,,
Ducklett,Water,Flying,5,FALSE,1,,Swanna,,,,,,
Swanna,Water,Flying,5,FALSE,35,Ducklett,,,,,,,
Vanillite,Ice,,5,FALSE,1,,Vanillish,,,,,,
Vanillish,Ice,,5,FALSE,35,Vanillite,Vanilluxe,,,,,,
Vanilluxe,Ice,,5,FALSE,47,Vanillish,,,,,,,
Deerling,Normal,Grass,5,FALSE,1,,Sawsbuck,,,,,,
Sawsbuck,Normal,Grass,5,FALSE,34,Deerling,,,,,,,
Emolga,Electric,Flying,5,FALSE,1,,,,,,,,
Karrablast,Bug,,5,FALSE,1,,Escavalier,,,,,,
Escavalier,Bug,Steel,5,FALSE,30,Karablast,,,,,,,
Foongus,Grass,Poison,5,FALSE,1,,Amoonuss,,,,,,
Amoonguss,Grass,Poison,5,FALSE,39,Foongus,,,,,,,
Frillish,Water,Ghost,5,FALSE,1,,Jellicent,,,,,,
Jellicent,Water,Ghost,5,FALSE,40,Frillish,,,,,,,
Alomomola,Water,,5,FALSE,1,,,,,,,,
Joltik,Bug,Electric,5,FALSE,1,,Galvantula,,,,,,
Galvantula,Bug,Electric,5,FALSE,36,Joltik,,,,,,,
Ferroseed,Grass,Steel,5,FALSE,1,,Ferrothorn,,,,,,
Ferrothorn,Grass,Steel,5,FALSE,40,Ferroseed,,,,,,,
Klink,Steel,,5,FALSE,1,,Klang,,,,,,
Klang,Steel,,5,FALSE,38,Klink,Kinklang,,,,,,
Klinklang,Steel,,5,FALSE,49,Klang,,,,,,,
Tynamo,Electric,,5,FALSE,1,,Elektrik,,,,,,
Eelektrik,Electric,,5,FALSE,39,Tynamo,Elektross,,,,,,
Eelektross,Electric,,5,FALSE,48,Elektrik,,,,,,,
Elgyem,Psychic,,5,FALSE,1,,Beheeyem,,,,,,
Beheeyem,Psychic,,5,FALSE,42,Elgyem,,,,,,,
Litwick,Ghost,Fire,5,FALSE,1,,Lampent,,,,,,
Lampent,Ghost,Fire,5,FALSE,41,Litwick,Chandelier,,,,,,
Chandelure,Ghost,Fire,5,FALSE,50,Lampent,,,,,,,
Axew,Dragon,,5,FALSE,1,,Fraxure,,,,,,
Fraxure,Dragon,,5,FALSE,38,Axew,Haxorus,,,,,,
Haxorus,Dragon,,5,FALSE,48,Fraxure,,,,,,,
Cubchoo,Ice,,5,FALSE,1,,Beatrice,,,,,,
Beartic,Ice,,5,FALSE,37,Cubchoo,,,,,,,
Cryogonal,Ice,,5,FALSE,1,,,,,,,,
Shelmet,Bug,,5,FALSE,1,,Accelgor,,,,,,
Accelgor,Bug,,5,FALSE,30,Shelmet,,,,,,,
Stunfisk,Ground,Electric,5,FALSE,1,,,,,,,,
Stunfisk_Galarian,Ground,Steel,8,FALSE,1,,,,,,,,
Mienfoo,Fighting,,5,FALSE,1,,Mienshao,,,,,,
Mienshao,Fighting,,5,FALSE,50,Mienfoo,,,,,,,
Druddigon,Dragon,,5,FALSE,1,,,,,,,,
Golett,Ground,Ghost,5,FALSE,1,,Golurk,,,,,,
Golurk,Ground,Ghost,5,FALSE,43,Golett,,,,,,,
Pawniard,Dark,Steel,5,FALSE,1,,Bisharp,,,,,,
Bisharp,Dark,Steel,5,FALSE,52,Pawniard,Kingambit,,,,,,
Bouffalant,Normal,,5,FALSE,1,,,,,,,,
Rufflet,Normal,Flying,5,FALSE,1,,Braviary,Braviary_Hisuian,,,,,
Braviary,Normal,Flying,5,FALSE,54,Rufflet,,,,,,,
Braviary_Hisuian,Psychic,Flying,8,FALSE,54,Rufflet,,,,,,,
Vullaby,Dark,Flying,5,FALSE,1,,Mandibuzz,,,,,,
Mandibuzz,Dark,Flying,5,FALSE,54,Vullaby,,,,,,,
Heatmor,Fire,,5,FALSE,1,,,,,,,,
Durant,Bug,Steel,5,FALSE,1,,,,,,,,
Deino,Dark,Dragon,5,FALSE,1,,Zweilous,,,,,,
Zweilous,Dark,Dragon,5,FALSE,50,Deino,Hydreigon,,,,,,
Hydreigon,Dark,Dragon,5,FALSE,64,Zweilous,,,,,,,
Larvesta,Bug,Fire,5,FALSE,1,,Volcarona,,,,,,
Volcarona,Bug,Fire,5,FALSE,59,Larvesta,,,,,,,
Cobalion,Steel,Fighting,5,TRUE,1,,,,,,,,
Terrakion,Rock,Fighting,5,TRUE,1,,,,,,,,
Virizion,Grass,Fighting,5,TRUE,1,,,,,,,,
Tornadus,Flying,,5,TRUE,1,,,,,,,,
Tornadus_Therian,Flying,,5,TRUE,1,,,,,,,,
Thundurus,Electric,Flying,5,TRUE,1,,,,,,,,
Thundurus_Therian,Electric,Flying,5,TRUE,1,,,,,,,,
Reshiram,Dragon,Fire,5,TRUE,1,,,,,,,,
Zekrom,Dragon,Electric,5,TRUE,1,,,,,,,,
Landorus,Ground,Flying,5,TRUE,1,,,,,,,,
Landorus_Therian,Ground,Flying,5,TRUE,1,,,,,,,,
Kyurem,Dragon,Ice,5,TRUE,1,,,,,,,,
Keldeo,Water,Fighting,5,TRUE,1,,,,,,,,
Keldeo_Resolute,Water,Fighting,5,TRUE,1,,,,,,,,
Meloetta,Normal,Psychic,5,TRUE,1,,,,,,,,
Genesect,Bug,Steel,5,TRUE,1,,,,,,,,
Chespin,Grass,,6,FALSE,1,,Quilladin,,,,,,
Quilladin,Grass,,6,FALSE,16,Chespin,Chesnaught,,,,,,
Chesnaught,Grass,Fighting,6,FALSE,36,Quilladin,,,,,,,
Fennekin,Fire,,6,FALSE,1,,Braixen,,,,,,
Braixen,Fire,,6,FALSE,16,Fennekin,Delphox,,,,,,
Delphox,Fire,Psychic,6,FALSE,36,Braixen,,,,,,,
Froakie,Water,,6,FALSE,1,,Frogadier,,,,,,
Frogadier,Water,,6,FALSE,16,Frankie,Greninja,,,,,,
Greninja,Water,Dark,6,FALSE,36,Frogadier,,,,,,,
Bunnelby,Normal,,6,FALSE,1,,Diggersby,,,,,,
Diggersby,Normal,Ground,6,FALSE,20,Bunnelby,,,,,,,
Fletchling,Normal,Flying,6,FALSE,1,,Fletchinder,,,,,,
Fletchinder,Fire,Flying,6,FALSE,17,Fletching,Talonflame,,,,,,
Talonflame,Fire,Flying,6,FALSE,35,Fletchinder,,,,,,,
Scatterbug,Bug,,6,FALSE,1,,Spewpa,,,,,,
Spewpa,Bug,,6,FALSE,9,Scatterbug,Vivilion,,,,,,
Vivillon,Bug,Flying,6,FALSE,12,Spewpa,,,,,,,
Litleo,Fire,Normal,6,FALSE,1,,Pyroar,,,,,,
Pyroar,Fire,Normal,6,FALSE,35,Litleo,,,,,,,
Flabebe,Fairy,,6,FALSE,1,,Floette,,,,,,
Floette,Fairy,,6,FALSE,19,Flabebe,Florges,,,,,,
Florges,Fairy,,6,FALSE,35,Floette,,,,,,,
Skiddo,Grass,,6,FALSE,1,,Gogoat,,,,,,
Gogoat,Grass,,6,FALSE,32,Skiddo,,,,,,,
Pancham,Fighting,,6,FALSE,1,,Pangoro,,,,,,
Pangoro,Fighting,Dark,6,FALSE,32,Pancham,,,,,,,
Furfrou,Normal,,6,FALSE,1,,,,,,,,
Espurr,Psychic,,6,FALSE,1,,Meowstic,,Meowstic_Female,,,,
Meowstic,Psychic,,6,FALSE,25,Espurr,,,,,,,
Meowstic_Female,Psychic,,6,FALSE,25,Espurr,,,,,,,
Honedge,Steel,Ghost,6,FALSE,1,,Doublade,,,,,,
Doublade,Steel,Ghost,6,FALSE,25,Honedge,Aegislash,,,,,,
Aegislash,Steel,Ghost,6,FALSE,40,Doublade,,,,,,,
Spritzee,Fairy,,6,FALSE,1,,Aromatisse,,,,,,
Aromatisse,Fairy,,6,FALSE,30,Spritzer,,,,,,,
Swirlix,Fairy,,6,FALSE,1,,Slurpuff,,,,,,
Slurpuff,Fairy,,6,FALSE,30,Swirlix,,,,,,,
Inkay,Dark,Psychic,6,FALSE,1,,Malamar,,,,,,
Malamar,Dark,Psychic,6,FALSE,30,Inkay,,,,,,,
Binacle,Rock,Water,6,FALSE,1,,Barbaracle,,,,,,
Barbaracle,Rock,Water,6,FALSE,39,Binacle,,,,,,,
Skrelp,Poison,Water,6,FALSE,1,,Dragalage,,,,,,
Dragalge,Poison,Dragon,6,FALSE,48,Skrelp,,,,,,,
Clauncher,Water,,6,FALSE,1,,Clawitzer,,,,,,
Clawitzer,Water,,6,FALSE,37,Clauncher,,,,,,,
Helioptile,Electric,Normal,6,FALSE,1,,Heliolisk,,,,,,
Heliolisk,Electric,Normal,6,FALSE,30,Helioptile,,,,,,,
Tyrunt,Rock,Dragon,6,FALSE,1,,Tyrantum,,,,,,
Tyrantrum,Rock,Dragon,6,FALSE,39,Tyrnt,,,,,,,
Amaura,Rock,Ice,6,FALSE,1,,Aurorus,,,,,,
Aurorus,Rock,Ice,6,FALSE,39,Amaura,,,,,,,
Sylveon,Fairy,,6,FALSE,25,Eevee,,,,,,,
Hawlucha,Fighting,Flying,6,FALSE,1,,,,,,,,
Dedenne,Electric,Fairy,6,FALSE,1,,,,,,,,
Carbink,Rock,Fairy,6,FALSE,1,,,,,,,,
Goomy,Dragon,,6,FALSE,1,,Sliggoo,Sliggoo_Hisuian,,,,,
Sliggoo,Dragon,,6,FALSE,40,Goomy,Goodra,,,,,,
Sliggoo_Hisuian,Steel,Dragon,8,FALSE,40,Goomy,Goodra_Hisuian,,,,,,
Goodra,Dragon,,6,FALSE,50,Sliggoo,,,,,,,
Goodra_Hisuian,Steel,Dragon,8,FALSE,50,Sliggoo_Hisuian,,,,,,,
Klefki,Steel,Fairy,6,FALSE,1,,,,,,,,
Phantump,Ghost,Grass,6,FALSE,1,,Trevenant,,,,,,
Trevenant,Ghost,Grass,6,FALSE,30,Phantump,,,,,,,
Pumpkaboo,Ghost,Grass,6,FALSE,1,,Gourgeist,,,,,,
Gourgeist,Ghost,Grass,6,FALSE,30,Pumpkaboo,,,,,,,
Bergmite,Ice,,6,FALSE,1,,Avalugg,Avalugg_Hisuian,,,,,
Avalugg,Ice,,6,FALSE,37,Bergmite,,,,,,,
Avalugg_Hisuian,Ice,Rock,8,FALSE,37,Bergmite,,,,,,,
Noibat,Flying,Dragon,6,FALSE,1,,Noivern,,,,,,
Noivern,Flying,Dragon,6,FALSE,48,Noibat,,,,,,,
Xerneas,Fairy,,6,TRUE,1,,,,,,,,
Yveltal,Dark,Flying,6,TRUE,1,,,,,,,,
Zygarde,Dragon,Ground,6,TRUE,1,,,,,,,,
Diancie,Rock,Fairy,6,TRUE,1,,Diancie_Mega,,,,,,
Diancie_Mega,Rock,Fairy,6,LegendMega,40,Diancie,,,,,,,
Hoopa,Psychic,Ghost,6,TRUE,1,,,,,,,,
Hoopa_Unbound,Psychic,Ghost,6,LegendMega,1,,,,,,,,
Volcanion,Fire,Water,6,TRUE,1,,,,,,,,
Rowlet,Grass,Flying,7,FALSE,1,,Dartrix,,,,,,
Dartrix,Grass,Flying,7,FALSE,17,Rowlet,Decidueye,Decidueye_Hisuian,,,,,
Decidueye,Grass,Ghost,7,FALSE,34,Dartrix,,,,,,,
Decidueye_Hisuian,Grass,Fight,8,FALSE,36,Dartrix,,,,,,,
Litten,Fire,,7,FALSE,1,,Torracat,,,,,,
Torracat,Fire,,7,FALSE,17,Litten,Incineroar,,,,,,
Incineroar,Fire,Dark,7,FALSE,34,Torracat,,,,,,,
Popplio,Water,,7,FALSE,1,,Brianne,,,,,,
Brionne,Water,,7,FALSE,17,Popplio,Primarina,,,,,,
Primarina,Water,Fairy,7,FALSE,34,Brionne,,,,,,,
Pikipek,Normal,Flying,7,FALSE,1,,Trumbeak,,,,,,
Trumbeak,Normal,Flying,7,FALSE,14,Pikipek,Toucannon,,,,,,
Toucannon,Normal,Flying,7,FALSE,28,Trumbeak,,,,,,,
Yungoos,Normal,,7,FALSE,1,,Gunshots,,,,,,
Gumshoos,Normal,,7,FALSE,20,Youngoos,,,,,,,
Grubbin,Bug,,7,FALSE,1,,Charjabug,,,,,,
Charjabug,Bug,Electric,7,FALSE,20,Grubbing,Vikavolt,,,,,,
Vikavolt,Bug,Electric,7,FALSE,30,Charjabug,,,,,,,
Crabrawler,Fighting,,7,FALSE,1,,Crabominable,,,,,,
Crabominable,Fighting,Ice,7,FALSE,25,Crabrawler,,,,,,,
Oricorio,Fire,Flying,7,FALSE,1,,,,,,,,
Cutiefly,Bug,Fairy,7,FALSE,1,,Ribombee,,,,,,
Ribombee,Bug,Fairy,7,FALSE,25,Cutiefly,,,,,,,
Rockruff,Rock,,7,FALSE,1,,Lycanroc,Lycanroc_Midnight,Lycanroc_Dusk,,,,
Lycanroc,Rock,,7,FALSE,25,Rockruff,,,,,,,
Lycanroc_Midnight,Rock,,7,FALSE,25,Rockruff,,,,,,,
Lycanroc_Dusk,Rock,,7,FALSE,25,Rockruff,,,,,,,
Wishiwashi,Water,,7,FALSE,1,,,,,,,,
Mareanie,Poison,Water,7,FALSE,1,,Toxapex,,,,,,
Toxapex,Poison,Water,7,FALSE,38,Mareanie,,,,,,,
Mudbray,Ground,,7,FALSE,1,,Mudsdale,,,,,,
Mudsdale,Ground,,7,FALSE,30,Mudbray,,,,,,,
Dewpider,Water,Bug,7,FALSE,1,,Araquanid,,,,,,
Araquanid,Water,Bug,7,FALSE,22,Dewpider,,,,,,,
Fomantis,Grass,,7,FALSE,1,,Lurantis,,,,,,
Lurantis,Grass,,7,FALSE,34,Fomantis,,,,,,,
Morelull,Grass,Fairy,7,FALSE,1,,Shiinotic,,,,,,
Shiinotic,Grass,Fairy,7,FALSE,24,Morelull,,,,,,,
Salandit,Poison,Fire,7,FALSE,1,,Salazzle,,,,,,
Salazzle,Poison,Fire,7,FALSE,33,Salandit,,,,,,,
Stufful,Normal,Fighting,7,FALSE,1,,Bewear,,,,,,
Bewear,Normal,Fighting,7,FALSE,27,Stufful,,,,,,,
Bounsweet,Grass,,7,FALSE,1,,Steenee,,,,,,
Steenee,Grass,,7,FALSE,18,Bounsweet,Tsareena,,,,,,
Tsareena,Grass,,7,FALSE,28,Steenee,,,,,,,
Comfey,Fairy,,7,FALSE,1,,,,,,,,
Oranguru,Normal,Psychic,7,FALSE,1,,,,,,,,
Passimian,Fighting,,7,FALSE,1,,,,,,,,
Wimpod,Bug,Water,7,FALSE,1,,Golisopod,,,,,,
Golisopod,Bug,Water,7,FALSE,30,Wimpod,,,,,,,
Sandygast,Ghost,Ground,7,FALSE,1,,Palossand,,,,,,
Palossand,Ghost,Ground,7,FALSE,42,Sandygast,,,,,,,
Pyukumuku,Water,,7,FALSE,1,,,,,,,,
Type_Null,Normal,,7,TRUE,1,,Silvally,,,,,,
Silvally,Normal,,7,TRUE,35,Type_Null,,,,,,,
Minior,Rock,Flying,7,FALSE,1,,,,,,,,
Komala,Normal,,7,FALSE,1,,,,,,,,
Turtonator,Fire,Dragon,7,FALSE,1,,,,,,,,
Togedemaru,Electric,Steel,7,FALSE,1,,,,,,,,
Mimikyu,Ghost,Fairy,7,FALSE,1,,,,,,,,
Bruxish,Water,Psychic,7,FALSE,1,,,,,,,,
Drampa,Normal,Dragon,7,FALSE,1,,,,,,,,
Dhelmise,Ghost,Grass,7,FALSE,1,,,,,,,,
Jangmo_o,Dragon,,7,FALSE,1,,Hakamo_o,,,,,,
Hakamo_o,Dragon,Fighting,7,FALSE,35,Jangmo_o,Kommo_o,,,,,,
Kommo_o,Dragon,Fighting,7,FALSE,45,Hakamo_o,,,,,,,
Tapu_Koko,Electric,Fairy,7,TRUE,1,,,,,,,,
Tapu_Lele,Psychic,Fairy,7,TRUE,1,,,,,,,,
Tapu_Bulu,Grass ,Fairy,7,TRUE,1,,,,,,,,
Tapu_Fini,Water,Fairy,7,TRUE,1,,,,,,,,
Cosmog,Psychic,,7,TRUE,1,,Cosmoem,,,,,,
Cosmoem,Psychic,,7,TRUE,43,Cosmog,Solgaleo,Lunala,,,,,
Solgaleo,Psychic,Steel,7,TRUE,53,Cosmoem,,,,,,,
Lunala,Psychic,Ghost,7,TRUE,53,Cosmoem,,,,,,,
Nihilego,Rock,Poison,7,FALSE,1,,,,,,,,
Buzzwole,Bug,Fighting,7,FALSE,1,,,,,,,,
Pheromosa,Bug,Fighting,7,FALSE,1,,,,,,,,
Xurkitree,Electric,,7,FALSE,1,,,,,,,,
Celesteela,Steel,Flying,7,FALSE,1,,,,,,,,
Kartana,Grass,Steel,7,FALSE,1,,,,,,,,
Guzzlord,Dark,Dragon,7,FALSE,1,,,,,,,,
Necrozma,Psychic,,7,FALSE,1,,Necrozma_Dusk_Mane,Necrozma_Dawn_Wings,Necrozma_Ultra,,,,
Necrozma_Dusk_Mane,Psychic,Steel,7,LegendMega,40,Necrozma,,,,,,,
Necrozma_Dawn_Wings,Psychic,Ghost,7,LegendMega,40,Necrozma,,,,,,,
Necrozma_Ultra,Psychic,Dragon,7,LegendMega,50,Necrozma,,,,,,,
Magearna,Steel,Fairy,7,FALSE,1,,,,,,,,
Marshadow,Fighting,Ghost,7,FALSE,1,,,,,,,,
Poipole,Poison,,7,FALSE,1,,Nagandel,,,,,,
Naganadel,Poison,Dragon,7,FALSE,40,Poipole,,,,,,,
Stakataka,Rock,Steel,7,FALSE,1,,,,,,,,
Blacephalon,Fire,Ghost,7,FALSE,1,,,,,,,,
Zeraora,Electric,,7,TRUE,1,,,,,,,,
Meltan,Steel,,7,TRUE,1,,Melmetal,,,,,,
Melmetal,Steel,,7,TRUE,40,Meltan,,,,,,,
Grookey,Grass,,8,FALSE,1,,Thwackey,,,,,,
Thwackey,Grass,,8,FALSE,16,Grookey,Rillaboom,,,,,,
Rillaboom,Grass,,8,FALSE,35,Thwackey,,,,,,,
Scorbunny,Fire,,8,FALSE,1,,Raboot,,,,,,
Raboot,Fire,,8,FALSE,16,Scorbunny,Cinderace,,,,,,
Cinderace,Fire,,8,FALSE,35,Raboot,,,,,,,
Sobble,Water,,8,FALSE,1,,Drizzile,,,,,,
Drizzile,Water,,8,FALSE,16,Sobble,Inteleon,,,,,,
Inteleon,Water,,8,FALSE,35,Drizzile,,,,,,,
Skwovet,Normal,,8,FALSE,1,,Greedent,,,,,,
Greedent,Normal,,8,FALSE,24,Skwovet,,,,,,,
Rookidee,Flying,,8,FALSE,1,,Corvisquire,,,,,,
Corvisquire,Flying,,8,FALSE,18,Rookidee,Corviknight,,,,,,
Corviknight,Flying,Steel,8,FALSE,38,Corvisquire,,,,,,,
Blipbug,Bug,,8,FALSE,1,,Dottler,,,,,,
Dottler,Bug,Psychic,8,FALSE,10,Blipbug,Orbeetle,,,,,,
Orbeetle,Bug,Psychic,8,FALSE,30,Dottler,,,,,,,
Nickit,Dark,,8,FALSE,1,,Thievul,,,,,,
Thievul,Dark,,8,FALSE,18,Nickit,,,,,,,
Gossifleur,Grass,,8,FALSE,1,,Eldegoss,,,,,,
Eldegoss,Grass,,8,FALSE,20,Gossifleur,,,,,,,
Wooloo,Normal,,8,FALSE,1,,Dubwool,,,,,,
Dubwool,Normal,,8,FALSE,24,Wooloo,,,,,,,
Chewtle,Water,,8,FALSE,1,,Drednaw,,,,,,
Drednaw,Water,Rock,8,FALSE,22,Chewtle,,,,,,,
Yamper,Electric,,8,FALSE,1,,Boltund,,,,,,
Boltund,Electric,,8,FALSE,25,Yamper,,,,,,,
Rolycoly,Rock,,8,FALSE,1,,Carkol,,,,,,
Carkol,Rock,Fire,8,FALSE,18,Rolycoly,Coalossal,,,,,,
Coalossal,Rock,Fire,8,FALSE,34,Carkol,,,,,,,
Applin,Grass,Dragon,8,FALSE,1,,Flapple,Appletun,,,,,
Flapple,Grass,Dragon,8,FALSE,35,Applin,,,,,,,
Appletun,Grass,Dragon,8,FALSE,35,Applin,,,,,,,
Silicobra,Ground,,8,FALSE,1,,Sandaconda,,,,,,
Sandaconda,Ground,,8,FALSE,36,Silicobra,,,,,,,
Cramorant,Flying,Water,8,FALSE,1,,,,,,,,
Arrokuda,Water,,8,FALSE,1,,Barraskewda,,,,,,
Barraskewda,Water,,8,FALSE,26,Arrokuda,,,,,,,
Toxel,Electric,Poison,8,FALSE,1,,Toxtricity,,,,,,
Toxtricity,Electric,Poison,8,FALSE,30,Toxel,,,,,,,
Sizzlipede,Fire,Bug,8,FALSE,1,,Centiskorch,,,,,,
Centiskorch,Fire,Bug,8,FALSE,28,Sizzlipede,,,,,,,
Clobbopus,Fighting,,8,FALSE,1,,Grapploct,,,,,,
Grapploct,Fighting,,8,FALSE,35,Clobbopus,,,,,,,
Sinistea,Ghost,,8,FALSE,1,,Polteageist,,,,,,
Polteageist,Ghost,,8,FALSE,30,Sinistea,,,,,,,
Hatenna,Psychic,,8,FALSE,1,, Hattrem,,,,,,
Hattrem,Psychic,,8,FALSE,32,Hatenna,Hatterene,,,,,,
Hatterene,Psychic,Fairy,8,FALSE,42,Hattrem,,,,,,,
Impidimp,Dark,Fairy,8,FALSE,1,,Morgrem,,,,,,
Morgrem,Dark,Fairy,8,FALSE,32,Impidimp,Grimmsnarl,,,,,,
Grimmsnarl,Dark,Fairy,8,FALSE,42,Morgrem,,,,,,,
Obstagoon,Dark,Normal,8,FALSE,35,Linoone_Galarian,,,,,,,
Perrserker,Steel,,8,FALSE,28,Meowth_Galarian,,,,,,,
Cursola,Ghost,,8,FALSE,38,Corsola_Galarian,,,,,,,
Sirfetchd,Fighting,,8,FALSE,35,Farfetchd_Galarian,,,,,,,
Mr_Rime,Ice,Psychic,8,FALSE,42,Mr_Mime_Galarian,,,,,,,
Runerigus,Ground,Ghost,8,FALSE,34,Yamask_Galarian,,,,,,,
Milcery,Fairy,,8,FALSE,1,,Alcremie,,,,,,
Alcremie,Fairy,,8,FALSE,20,Milcery,,,,,,,
Falinks,Fighting,,8,FALSE,1,,,,,,,,
Pincurchin,Electric,,8,FALSE,1,,,,,,,,
Snom,Ice,Bug,8,FALSE,1,,Frosmoth,,,,,,
Frosmoth,Ice,Bug,8,FALSE,20,Snom,,,,,,,
Stonjourner,Rock,,8,FALSE,1,,,,,,,,
Eiscue,Ice,,8,FALSE,1,,,,,,,,
Indeedee,Psycic ,Normal,8,FALSE,1,,,,,,,,
Morpeko,Electric,Dark,8,FALSE,1,,,,,,,,
Cufant,Steel,,8,FALSE,1,,Copperajah,,,,,,
Copperajah,Steel,,8,FALSE,34,Cufant,,,,,,,
Dracozolt,Electric,Dragon,8,FALSE,1,,,,,,,,
Arctozolt,Electric,Ice,8,FALSE,1,,,,,,,,
Dracovish,Water,Dragon,8,FALSE,1,,,,,,,,
Arctovish,Water,Ice,8,FALSE,1,,,,,,,,
Duraludon,Steel,Dragon,8,FALSE,1,,,,,,,,
Dreepy,Dragon,Ghost,8,FALSE,1,,Drakloak,,,,,,
Drakloak,Dragon,Ghost,8,FALSE,50,Dreepy,Dragapult,,,,,,
Dragapult,Dragon,Ghost,8,FALSE,60,Drakloak,,,,,,,
Zacian,Fairy,Steel,8,TRUE,1,,,,,,,,
Zamazenta,Fighting,Steel,8,TRUE,1,,,,,,,,
Eternatus,Poison,Dragon,8,TRUE,1,,Eternatus_Eternamax,,,,,,
Eternatus_Eternamax,Poison,Dragon,8,LegendMega,50,Eternatus,,,,,,,
Kubfu,Fighting,,8,TRUE,1,,Urshifu,,,,,,
Urshifu,Fighting,Dark,8,TRUE,45,Kubfu,,,,,,,
Zarude,Dark,Grass,8,TRUE,1,,,,,,,,
Regieleki,Electric,,8,TRUE,1,,,,,,,,
Regidrago,Dragon,,8,TRUE,1,,,,,,,,
Glastrier,Ice,,8,FALSE,1,,,,,,,,
Spectrier,Ghost,,8,FALSE,1,,,,,,,,
Calyrex,Psychic,Grass,8,FALSE,1,,,,,,,,
Calyrex_Ice_Rider,Psychic,Ice,8,FALSE,1,,,,,,,,
Calyrex_Shadow_Rider,Psychic,Ghost,8,FALSE,1,,,,,,,,
Wyrdeer,Normal,Psychic,8,FALSE,25,Stantler,,,,,,,
Kleavor,Bug,Rock,8,FALSE,25,Scyther,,,,,,,
Ursaluna,Ground,Normal,8,FALSE,40,Ursaring,,,,,,,
Basculegion,Water,Ghost,8,FALSE,25,Basculin,,,,,,,
Sneasler,Fighting,Poison,8,FALSE,25,Sneasel_Hisuian,,,,,,,
Overqwil,Dark,Poison,8,FALSE,25,Qwilfish,,,,,,,
Enamorus,Fairy,Flying,8,TRUE,1,,,,,,,,
Enamorus_Therian,Fairy,Flying,8,TRUE,1,,,,,,,,
Sprigatito,Grass,,9,FALSE,1,,Floragato,,,,,,
Floragato,Grass,,9,FALSE,16,Sprigattito,Meowscarada,,,,,,
Meowscarada,Grass,Dark,9,FALSE,36,Floragato,,,,,,,
Fuecoco,Fire,,9,FALSE,1,,Crocalor,,,,,,
Crocalor,Fire,,9,FALSE,16,Fuecoco,Skeledirge,,,,,,
Skeledirge,Fire,Ghost,9,FALSE,36,Crocalor,,,,,,,
Quaxly,Water,,9,FALSE,1,,Quaxwell,,,,,,
Quaxwell,Water,,9,FALSE,16,Quaxly,Quaquaval,,,,,,
Quaquaval,Water,Fighting,9,FALSE,36,Quaxwell,,,,,,,
Lechonk,Normal,,9,FALSE,1,,Oinkologne,,,,,,
Oinkologne,Normal,,9,FALSE,18,Lechonk,,,,,,,
Tarountula,Bug,,9,FALSE,1,,Spidops,,,,,,
Spidops,Bug,,9,FALSE,15,Tarountula,,,,,,,
Nymble,Bug,,9,FALSE,1,,Lokix,,,,,,
Lokix,Bug,Dark,9,FALSE,24,Nymble,,,,,,,
Pawmi,Electric,,9,FALSE,1,,Pawmo,,,,,,
Pawmo,Electric,Fighting,9,FALSE,18,Pawmi,Pawmot,,,,,,
Pawmot,Electric,Fighting,9,FALSE,28,Pawmo,,,,,,,
Tandemaus,Normal,,9,FALSE,1,,MAUSHOLD,MAUSHOLD_FAMILY_OF_FOUR,,,,,
MAUSHOLD,Normal,,9,FALSE,25,Tandemaus,,,,,,,
FIDOUGH,Fairy,,9,FALSE,1,,Dachsbun,,,,,,
DACHSBUN,Fairy,,9,FALSE,26,Fidough,,,,,,,
SMOLIV,Grass,Normal,9,FALSE,1,,Dolliv,,,,,,
DOLLIV,Grass,Normal,9,FALSE,25,Smoliv,Arboliva,,,,,,
ARBOLIVA,Grass,Normal,9,FALSE,35,Dolliv,,,,,,,
SQUAWKABILLY,Normal,Flying,9,FALSE,1,,,,,,,,
NACLI,Rock,,9,FALSE,1,,Naclstack,,,,,,
NACLSTACK,Rock,,9,FALSE,24,Nacli,Garganacl,,,,,,
GARGANACL,Rock,,9,FALSE,38,Naclstack,,,,,,,
CHARCADET,Fire,,9,FALSE,1,,Armarouge,Ceruledge,,,,,
ARMAROUGE,Fire,Psyhic,9,FALSE,25,Charcadet,,,,,,,
CERULEDGE,Fire,Ghost,9,FALSE,25,Charcadet,,,,,,,
TADBULB,Electric,,9,FALSE,1,,Bellibolt,,,,,,
BELLIBOLT,Electric,,9,FALSE,30,Tadbulb,,,,,,,
WATTREL,Electric,Flying,9,FALSE,1,,Kilowattrel,,,,,,
KILOWATTREL,Electric,Flying,9,FALSE,25,Wattrel,,,,,,,
MASCHIFF,Dark,,9,FALSE,1,,Mabosstiff,,,,,,
MABOSSTIFF,Dark,,9,FALSE,30,Maschiff,,,,,,,
SHROODLE,Poison,Normal,9,FALSE,1,,Grafaiai,,,,,,
GRAFAIAI,Poison,Normal,9,FALSE,28,Shroodle,,,,,,,
BRAMBLIN,Grass,Ghost,9,FALSE,1,,Brambleghast,,,,,,
BRAMBLEGHAST,Grass,Ghost,9,FALSE,20,Bramblin,,,,,,,
TOEDSCOOL,Ground,Grass,9,FALSE,1,,Toedscruel,,,,,,
TOEDSCRUEL,Ground,Grass,9,FALSE,30,Toedscool,,,,,,,
KLAWF,Rock,,9,FALSE,1,,,,,,,,
CAPSAKID,Grass,,9,FALSE,1,,Scovillain,,,,,,
SCOVILLAIN,Grass,Fire,9,FALSE,25,Capsakid,,,,,,,
RELLOR,Bug,,9,FALSE,1,,Rellor,,,,,,
RABSCA,Bug,Psychic,9,FALSE,20,Rabsca,,,,,,,
FLITTLE,Psychic,,9,FALSE,1,,ESPATHRA,,,,,,
ESPATHRA,Psychic,,9,FALSE,35,Flittle,,,,,,,
TINKATINK,Fairy,Steel,9,FALSE,1,,TINKATUFF,,,,,,
TINKATUFF,Fairy,Steel,9,FALSE,24,TINKATINK,TINKATON,,,,,,
TINKATON,Fairy,Steel,9,FALSE,38,TINKATUFF,,,,,,,
WIGLETT,Water,,9,FALSE,1,,Wugtrio,,,,,,
WUGTRIO,Water,,9,FALSE,26,Wiglett,,,,,,,
BOMBIRDIER,Flying,Dark,9,FALSE,1,,,,,,,,
FINIZEN,Water,,9,FALSE,1,,Palafin,,,,,,
PALAFIN,Water,,9,FALSE,38,Finizen,,,,,,,
VAROOM,Steel,Poison,9,FALSE,1,,Revaroom,,,,,,
REVAVROOM,Steel,Poison,9,FALSE,40,Varoom,,,,,,,
CYCLIZAR,Dragon,Normal,9,FALSE,1,,,,,,,,
ORTHWORM,Steel,,9,FALSE,1,,,,,,,,
GLIMMET,Rock,Poison,9,FALSE,1,,Glimmora,,,,,,
GLIMMORA,Rock,Poison,9,FALSE,35,Glimmet,,,,,,,
GREAVARD,Ghost,,9,FALSE,1,,Houndstone,,,,,,
HOUNDSTONE,Ghost,,9,FALSE,30,Greavard,,,,,,,
FLAMIGO,Flying,Fighting,9,FALSE,1,,,,,,,,
CETODDLE,Ice,,9,FALSE,1,,Cetitan,,,,,,
CETITAN,Ice,,9,FALSE,25,Cetoddle,,,,,,,
VELUZA,Water,Psychic,9,FALSE,1,,,,,,,,
DONDOZO,Water,,9,FALSE,1,,,,,,,,
TATSUGIRI,Dragon,Water,9,FALSE,1,,,,,,,,
ANNIHILAPE,Fighting,Ghost,9,FALSE,40,Primeape,,,,,,,
CLODSIRE,Poison,Ground,9,FALSE,20,Wooper_Paldean,,,,,,,
FARIGIRAF,Normal,Psychic,9,FALSE,32,Girafarig,,,,,,,
DUDUNSPARCE,Normal,,9,FALSE,32,Dunsparce,,,,,,,
KINGAMBIT,Dark,Steel,9,FALSE,56,Bisharp,,,,,,,
GREAT_TUSK,Ground,Fighting,9,FALSE,1,,,,,,,,
SCREAM_TAIL,Fairy,Psychic,9,FALSE,1,,,,,,,,
BRUTE_BONNET,Grass,Dark,9,FALSE,1,,,,,,,,
FLUTTER_MANE,Ghost,Fairy,9,FALSE,1,,,,,,,,
SLITHER_WING,Bug,Fighting,9,FALSE,1,,,,,,,,
SANDY_SHOCKS,Electric,Ground,9,FALSE,1,,,,,,,,
IRON_TREADS,Ground,Steel,9,FALSE,1,,,,,,,,
IRON_BUNDLE,Ice,Water,9,FALSE,1,,,,,,,,
IRON_HANDS,Fighting,Electric,9,FALSE,1,,,,,,,,
IRON_JUGULIS,Dark,Flying,9,FALSE,1,,,,,,,,
IRON_MOTH,Fire,Poision,9,FALSE,1,,,,,,,,
IRON_THORNS,Rock,Electric,9,FALSE,1,,,,,,,,
FRIGIBAX,Dragon,Ice,9,FALSE,1,,Arcibax,,,,,,
ARCTIBAX,Dragon,Ice,9,FALSE,35,Frigibax,Baxcalibur,,,,,,
BAXCALIBUR,Ghost,,9,FALSE,54,Arctibax,,,,,,,
GIMMIGHOUL,Steel,Ghost,9,FALSE,1,,Gholdengo,,,,,,
GHOLDENGO,Steel,Ghost,9,FALSE,40,Gimmighoul,,,,,,,
WO_CHIEN,Dark,Grass,9,TRUE,1,,,,,,,,
CHIEN_PAO,Dark,Ice,9,TRUE,1,,,,,,,,
TING_LU,Dark,Ground,9,TRUE,1,,,,,,,,
CHI_YU,Dark,Fire,9,TRUE,1,,,,,,,,
ROARING_MOON,Dragon,Dark,9,FALSE,1,,,,,,,,
IRON_VALIANT,Fairy,Fighting,9,FALSE,1,,,,,,,,
KORAIDON,Fighting,Dragon,9,TRUE,1,,,,,,,,
MIRAIDON,Electric,Dragon,9,TRUE,1,,,,,,,,
WALKING_WAKE,Water,Dragon,9,FALSE,1,,,,,,,,
IRON_LEAVES,Grass,Psychic,9,FALSE,1,,,,,,,,
DIPPLIN,Grass,Dragon,9,FALSE,25,Applin,Hydrapple,,,,,,
POLTCHAGEIST,Grass,Ghost,9,FALSE,1,,SINISTCHA,,,,,,
SINISTCHA,Grass,Ghost,9,FALSE,25,POLTCHAGEIST,,,,,,,
OKIDOGI,Poison,Fighting,9,TRUE,1,,,,,,,,
MUNKIDORI,Posion,Psychic,9,TRUE,1,,,,,,,,
FEZANDIPITI,Poison,Fairy,9,TRUE,1,,,,,,,,
OGERPON,Grass,,9,TRUE,1,,,,,,,,
ARCHALUDON,Steel,Dragon,9,FALSE,30,Duraludon,,,,,,,
HYDRAPPLE,Grass,Dragon,9,FALSE,35,Dripplin,,,,,,,
GOUGING_FIRE,Fire,Dragon,9,FALSE,1,,,,,,,,
RAGING_BOLT,Electric,Dragon,9,FALSE,1,,,,,,,,
IRON_BOULDER,Rock,Psychic,9,FALSE,1,,,,,,,,
IRON_CROWN,Steel,Psychic,9,FALSE,1,,,,,,,,
TERAPAGOS,Normal,,9,TRUE,1,,,,,,,,
PECHARUNT,Posion,Ghost,9,TRUE,1,,,,,,,,